,keyword,category,Explanation
0,Loli Lolicon Toddler,Child Sexual Exploitation,
1,Young girl,Child Sexual Exploitation,
2,Young boy,Child Sexual Exploitation,
3,Pre teen,Child Sexual Exploitation,
4,Pedo,Child Sexual Exploitation,
5,lolitas,Child Sexual Exploitation,
6,AdultWork.comAdultWork.com,Child Sexual Exploitation,
7,Adult Service Providers & Erotic Content,Child Sexual Exploitation,
8,Sensitive stalk,Child Sexual Exploitation,
9,Black Virgin,Child Sexual Exploitation,
10,pondo tiny,Child Sexual Exploitation,
11,probiller.trueamateurs.com‚Äã,Child Sexual Exploitation,
12,young,Child Sexual Exploitation,
13,bald,Child Sexual Exploitation,
14,lolicon rape king,Child Sexual Exploitation,
15,lolicon English rape,Child Sexual Exploitation,
16,Lillie,Child Sexual Exploitation,
17,virgin,Child Sexual Exploitation,
18,lolicon rape glass,Child Sexual Exploitation,
19,panties,Child Sexual Exploitation,
20,bunny cottontail,Child Sexual Exploitation,
21,Incest,Child Sexual Exploitation,
22,roblox,Child Sexual Exploitation,
23,Small Mousepad,Child Sexual Exploitation,
24,exploited asia,Child Sexual Exploitation,
25,exploited,Child Sexual Exploitation,
26,repel daughter,Child Sexual Exploitation,
27,vietnamese,Child Sexual Exploitation,
28,roblox.com,Child Sexual Exploitation,
29,babyj,Child Sexual Exploitation,
30,babyshivid,Child Sexual Exploitation,
31,childlover,Child Sexual Exploitation,
32,childporn,Child Sexual Exploitation,
33,childsex,Child Sexual Exploitation,
34,childfugga,Child Sexual Exploitation,
35,ddoggprn,Child Sexual Exploitation,
36,hussyfan,Child Sexual Exploitation,
37,kdquality,Child Sexual Exploitation,
38,kidzilla,Child Sexual Exploitation,
39,kingpass,Child Sexual Exploitation,
40,mafiasex,Child Sexual Exploitation,
41,pedo,Child Sexual Exploitation,
42,pedofilia,Child Sexual Exploitation,
43,pedofilo,Child Sexual Exploitation,
44,pedoland,Child Sexual Exploitation,
45,pedophile,Child Sexual Exploitation,
46,Child Sexual Exploitation,Child Sexual Exploitation,
47,pedophilie,Child Sexual Exploitation,
48,pthc,Child Sexual Exploitation,
49,ptsc,Child Sexual Exploitation,
50,qqaazz,Child Sexual Exploitation,
51,raygold,Child Sexual Exploitation,
52,reelkiddymov,Child Sexual Exploitation,
53,yamad,Child Sexual Exploitation,
54,"""youngvideomodels",Child Sexual Exploitation,
55,PTHC,Child Sexual Exploitation,
56,Pre Teen Hard Core,Child Sexual Exploitation,
57,R@ygold,Child Sexual Exploitation,
58,Yamad,Child Sexual Exploitation,
59,12yo,Child Sexual Exploitation,
60,Hussyfan,Child Sexual Exploitation,
61,Underage,Child Sexual Exploitation,
62,qqaazz,Child Sexual Exploitation,
63,lordofthering,Child Sexual Exploitation,
64,001a,Child Sexual Exploitation,
65,10of,Child Sexual Exploitation,
66,1man,Child Sexual Exploitation,
67,2005new,Child Sexual Exploitation,
68,7e,Child Sexual Exploitation,
69,7o,Child Sexual Exploitation,
70,abt,Child Sexual Exploitation,
71,ass,Child Sexual Exploitation,
72,avi,Child Sexual Exploitation,
73,baby,Child Sexual Exploitation,
74,babyj,Child Sexual Exploitation,
75,babyshivid,Child Sexual Exploitation,
76,babyshvid,Child Sexual Exploitation,
77,bambina,Child Sexual Exploitation,
78,bbx,Child Sexual Exploitation,
79,bd,Child Sexual Exploitation,
80,bella,Child Sexual Exploitation,
81,beyword,Child Sexual Exploitation,
82,boy,Child Sexual Exploitation,
83,boylover,Child Sexual Exploitation,
84,brazuquinha,Child Sexual Exploitation,
85,cambodian,Child Sexual Exploitation,
86,change,Child Sexual Exploitation,
87,child,Child Sexual Exploitation,
88,childfugga,Child Sexual Exploitation,
89,childlover,Child Sexual Exploitation,
90,childs,Child Sexual Exploitation,
91,childsex,Child Sexual Exploitation,
92,ck,Child Sexual Exploitation,
93,company,Child Sexual Exploitation,
94,cries,Child Sexual Exploitation,
95,cum,Child Sexual Exploitation,
96,daughter,Child Sexual Exploitation,
97,desidee,Child Sexual Exploitation,
98,diaper,Child Sexual Exploitation,
99,doggyfuck,Child Sexual Exploitation,
100,doughter,Child Sexual Exploitation,
101,eine,Child Sexual Exploitation,
102,elli,Child Sexual Exploitation,
103,eurololita,Child Sexual Exploitation,
104,furs,Child Sexual Exploitation,
105,gebusch,Child Sexual Exploitation,
106,girl,Child Sexual Exploitation,
107,girls,Child Sexual Exploitation,
108,harrier,Child Sexual Exploitation,
109,hussyfa,Child Sexual Exploitation,
110,hussyfan,Child Sexual Exploitation,
111,hussyfun,Child Sexual Exploitation,
112,hyman,Child Sexual Exploitation,
113,illegal,Child Sexual Exploitation,
114,inces,Child Sexual Exploitation,
115,incest,Child Sexual Exploitation,
116,infant,Child Sexual Exploitation,
117,inga,Child Sexual Exploitation,
118,inna,Child Sexual Exploitation,
119,island,Child Sexual Exploitation,
120,island03,Child Sexual Exploitation,
121,jackie,Child Sexual Exploitation,
122,jailbait,Child Sexual Exploitation,
123,jenniefer,Child Sexual Exploitation,
124,jenny,Child Sexual Exploitation,
125,jho,Child Sexual Exploitation,
126,jpg,Child Sexual Exploitation,
127,jr,Child Sexual Exploitation,
128,kacy,Child Sexual Exploitation,
129,kdquality,Child Sexual Exploitation,
130,kdv,Child Sexual Exploitation,
131,kiddy,Child Sexual Exploitation,
132,kids,Child Sexual Exploitation,
133,kidzilla,Child Sexual Exploitation,
134,kinderÔ¨Åcker,Child Sexual Exploitation,
135,kindergarden,Child Sexual Exploitation,
136,kingpass,Child Sexual Exploitation,
137,kissie,Child Sexual Exploitation,
138,kleuterkutje,Child Sexual Exploitation,
139,kurahashi,Child Sexual Exploitation,
140,la2,Child Sexual Exploitation,
141,laika,Child Sexual Exploitation,
142,landÔ¨Åll,Child Sexual Exploitation,
143,liluplanet,Child Sexual Exploitation,
144,little,Child Sexual Exploitation,
145,lolalover,Child Sexual Exploitation,
146,lolifuck,Child Sexual Exploitation,
147,lolita,Child Sexual Exploitation,
148,lolita2,Child Sexual Exploitation,
149,lolitaguy,Child Sexual Exploitation,
150,lordofthering,Child Sexual Exploitation,
151,ls,Child Sexual Exploitation,
152,lsbar,Child Sexual Exploitation,
153,lsm,Child Sexual Exploitation,
154,lsn,Child Sexual Exploitation,
155,lso,Child Sexual Exploitation,
156,lsp,Child Sexual Exploitation,
157,lsw,Child Sexual Exploitation,
158,lucie,Child Sexual Exploitation,
159,luto,Child Sexual Exploitation,
160,madnet,Child Sexual Exploitation,
161,maÔ¨Åasex,Child Sexual Exploitation,
162,magazine,Child Sexual Exploitation,
163,map,Child Sexual Exploitation,
164,mara,Child Sexual Exploitation,
165,maryanne,Child Sexual Exploitation,
166,mellony,Child Sexual Exploitation,
167,model,Child Sexual Exploitation,
168,moscow,Child Sexual Exploitation,
169,mpg,Child Sexual Exploitation,
170,mylola,Child Sexual Exploitation,
171,nablot,Child Sexual Exploitation,
172,nancy,Child Sexual Exploitation,
173,nansy,Child Sexual Exploitation,
174,new,Child Sexual Exploitation,
175,newcaps,Child Sexual Exploitation,
176,newer,Child Sexual Exploitation,
177,newstar,Child Sexual Exploitation,
178,nimbus,Child Sexual Exploitation,
179,nimphets,Child Sexual Exploitation,
180,nn,Child Sexual Exploitation,
181,nobull,Child Sexual Exploitation,
182,november,Child Sexual Exploitation,
183,novinhas,Child Sexual Exploitation,
184,nude,Child Sexual Exploitation,
185,nude01,Child Sexual Exploitation,
186,nudis,Child Sexual Exploitation,
187,old,Child Sexual Exploitation,
188,olds,Child Sexual Exploitation,
189,pae,Child Sexual Exploitation,
190,pak,Child Sexual Exploitation,
191,pedo,Child Sexual Exploitation,
192,pedoÔ¨Ålia,Child Sexual Exploitation,
193,peepee,Child Sexual Exploitation,
194,petersburg,Child Sexual Exploitation,
195,phantom,Child Sexual Exploitation,
196,playtoy,Child Sexual Exploitation,
197,porn,Child Sexual Exploitation,
198,pre,Child Sexual Exploitation,
199,preteen,Child Sexual Exploitation,
200,preteenz,Child Sexual Exploitation,
201,pretten,Child Sexual Exploitation,
202,private,Child Sexual Exploitation,
203,prt,Child Sexual Exploitation,
204,pt,Child Sexual Exploitation,
205,ptÔ¨Ä,Child Sexual Exploitation,
206,pthc,Child Sexual Exploitation,
207,ptsc,Child Sexual Exploitation,
208,pussy,Child Sexual Exploitation,
209,qqaazz,Child Sexual Exploitation,
210,qsh,Child Sexual Exploitation,
211,rape,Child Sexual Exploitation,
212,rar,Child Sexual Exploitation,
213,rbv,Child Sexual Exploitation,
214,reallola,Child Sexual Exploitation,
215,rebone,Child Sexual Exploitation,
216,rizmastar,Child Sexual Exploitation,
217,sandra,Child Sexual Exploitation,
218,sex,Child Sexual Exploitation,
219,soÔ¨Åe,Child Sexual Exploitation,
220,spam,Child Sexual Exploitation,
221,spreading,Child Sexual Exploitation,
222,st,Child Sexual Exploitation,
223,step,Child Sexual Exploitation,
224,suwano,Child Sexual Exploitation,
225,teal,Child Sexual Exploitation,
226,teen,Child Sexual Exploitation,
227,thor,Child Sexual Exploitation,
228,tochter,Child Sexual Exploitation,
229,tori,Child Sexual Exploitation,
230,torture,Child Sexual Exploitation,
231,u15,Child Sexual Exploitation,
232,ultra,Child Sexual Exploitation,
233,underage,Child Sexual Exploitation,
234,until,Child Sexual Exploitation,
235,uvs,Child Sexual Exploitation,
236,v10040,Child Sexual Exploitation,
237,v132,Child Sexual Exploitation,
238,valya,Child Sexual Exploitation,
239,vater,Child Sexual Exploitation,
240,vdbest,Child Sexual Exploitation,
241,ver,Child Sexual Exploitation,
242,vicky,Child Sexual Exploitation,
243,weekend,Child Sexual Exploitation,
244,witch,Child Sexual Exploitation,
245,xlola,Child Sexual Exploitation,
246,yamad,Child Sexual Exploitation,
247,ye,Child Sexual Exploitation,
248,yelitza,Child Sexual Exploitation,
249,yg,Child Sexual Exploitation,
250,ygold,Child Sexual Exploitation,
251,young,Child Sexual Exploitation,
252,1yo,Child Sexual Exploitation,
253,2yo,Child Sexual Exploitation,
254,2yo,Child Sexual Exploitation,
255,4yo,Child Sexual Exploitation,
256,5yo,Child Sexual Exploitation,
257,6yo,Child Sexual Exploitation,
258,7yo,Child Sexual Exploitation,
259,8yo,Child Sexual Exploitation,
260,9yo,Child Sexual Exploitation,
261,10yo,Child Sexual Exploitation,
262,11yo,Child Sexual Exploitation,
263,12yo,Child Sexual Exploitation,
264,13yo,Child Sexual Exploitation,
265,ezik007,Child Sexual Exploitation,
266,zadoom,Child Sexual Exploitation,
267,vtcap,Child Sexual Exploitation,
268,extremep2p,Child Sexual Exploitation,
269,rbv,Child Sexual Exploitation,
270,beerbarrell,Child Sexual Exploitation,
271,Stepdaughter,Child Sexual Exploitation,
272,Stepfather,Child Sexual Exploitation,
273,Humiliation,Child Sexual Exploitation,
274,Destroyed,Child Sexual Exploitation,
275,"Deepfake, fake porn",Child Sexual Exploitation,
276,"Stalker, Stalking",Child Sexual Exploitation,
277,Harassment,Child Sexual Exploitation,
278,cyberstalking,Child Sexual Exploitation,
279,Trolling,Child Sexual Exploitation,
280,indecent,Child Sexual Exploitation,
281,Infadel,Radicalization,
282,isis,Radicalization,
283,guntrader,Radicalization,
284,hamas,Radicalization,
285,rockets,Radicalization,
286,hezzbollah,Radicalization,
287,patriots,Radicalization,
288,twin towers,Radicalization,
289,AQ,Radicalization,
290,AQ-I,Radicalization,
291,AQ-A,Radicalization,
292,En,Radicalization,
293,serbest,Radicalization,
294,eyalette,Radicalization,
295,bomba,Radicalization,
296,atara,Radicalization,
297,izin,Radicalization,
298,veriyolar,Radicalization,
299,attƒ±ƒüƒ±,Radicalization,
300,m√ºhimmat,Radicalization,
301,sahte,Radicalization,
302,bo≈ü,Radicalization,
303,bomba,Radicalization,
304,free state,Radicalization,
305,3d gun,Radicalization,
306,gun,Radicalization,
307,Humza,Radicalization,
308,militant Muslims,Radicalization,
309,Malik Faisal Akram,Radicalization,
310,Al Shaabab,Radicalization,
311,Daesh,Radicalization,
312,Da‚Äôesh,Radicalization,
313,Al Qaida,Radicalization,
314,AL-NUSRAH FRONT,Radicalization,
315,AL-QA'IDA IN THE LANDS OF THE ISLAMIC MAGHREB,Radicalization,
316,Nasir al-Wahishi,Radicalization,
317,AQAP,Radicalization,
318,Imirat Kavkaz,Radicalization,
319,Abu Usman Gimrinskiy,Radicalization,
320,Magomed Suleymanov,Radicalization,
321,The Islamic Jihad Union,Radicalization,
322,IJU,Radicalization,
323,BOKO HARAM,Radicalization,
324,Abubakar Shekau,Radicalization,
325,SPF,Radicalization,
326,Group of Popular Rebels,Radicalization,
327,Zero Tolerance Organization,Radicalization,
328,LORD'S RESISTANCE ARMY,Radicalization,
329,LRA,Radicalization,
330,Joseph Kony,Radicalization,
331,Dominic Ongwen,Radicalization,
332,TEHRIK-E TALIBAN PAKISTAN,Radicalization,
333,TTP,Radicalization,
334,"Baitullah Mehsud,",Radicalization,
335,Hakimullah Mehsud,Radicalization,
336,Mullah Fazlullah,Radicalization,
337,Malala Yousafzai,Radicalization,
338,Lashkar-e-Jhangvi,Radicalization,
339,Sipah-i-Sahaba Pakistan,Radicalization,
340,Akram Lahori,Radicalization,
341,Qari Zafar group,Radicalization,
342,The Revolutionary People‚Äôs Liberation Party,Radicalization,
343,The Revolutionary People‚Äôs Liberation Front,Radicalization,
344,DHKP,Radicalization,
345,DHKC,Radicalization,
346,Devrimci Sol,Radicalization,
347,Dev Sol,Radicalization,
348,Kongra-Gel,Radicalization,
349,KGK,Radicalization,
350,"Kurdistan Workers‚Äô Party,",Radicalization,
351,PKK,Radicalization,
352,ANSAR AL-SHARIA,Radicalization,
353,Partisans of Islamic Law.,Radicalization,
354,Abu Khalid al-Madani,Radicalization,
355,Ansar al-Sharia in Tunisia,Radicalization,
356,HEZB-E-ISLAMI GULBUDDIN,Radicalization,
357,HIG,Radicalization,
358,Party of Islam,Radicalization,
359,Ghairat Baheer,Radicalization,
360,Qutbuddin Hilal,Radicalization,
361,ISIS-DRC,Radicalization,
362,ISIS-Mozambique,Radicalization,
363,Harakat Sawa‚Äôd Misr,Radicalization,
364,Islamic Revolutionary Guard Corps,Radicalization,
365,IRGC,Radicalization,
366,Jama‚Äôat Nusrat al-Islam wal-Muslimin,Radicalization,
367,ISIS in the Greater Sahara,Radicalization,
368,ISIS-West Africa,Radicalization,
369,Revolutionary Armed Forces of Colombia,Radicalization,
370,FARC,Radicalization,
371,Islamic State‚Äôs Khorasan Province,Radicalization,
372,Hay‚Äôat Tahrir al-Sham,Radicalization,
373,Jabhat Fath al-Sham Amendment,Radicalization,
374,Hay‚Äôat Tahrir al-Sham Amendment,Radicalization,
375,ISIS-Sinai Province,Radicalization,
376,Sayyid Qutb,Radicalization,
377,Ansar Bayt al-Maqdis,Radicalization,
378,Ansar al-Shari‚Äôa in Benghazi,Radicalization,
379,al-Mulathamun Battalion,Radicalization,
380,Haqqani Network,Radicalization,
381,Jaish-e-Mohammed,Radicalization,
382,Al-Aqsa Martyrs Brigade,Radicalization,
383,Communist Party of the Philippines,Radicalization,
384,Lashkar i Jhangvi,Radicalization,
385,Islamic Jihad Union,Radicalization,
386,Kata‚Äôib Hizballah,Radicalization,
387,Jemaah Anshorut Tauhid,Radicalization,
388,Khmer Rouge,Radicalization,
389,Manuel Rodriguez Patriotic Front Dissidents,Radicalization,
390,HTS,Radicalization,
391,Hayat Tahrir al-Sham,Radicalization,
392,Abdallah Azzam,Radicalization,
393,jihad,Radicalization,
394,Conspiracy theories,Radicalization,
395,weapons,Radicalization,
396,build a bomb,Radicalization,
397,plan an attack,Radicalization,
398,school attack,Radicalization,
399,anger,Radicalization,
400,ideology,Radicalization,
401,syria,Radicalization,
402,ukraine,Radicalization,
403,russia,Radicalization,
404,Libyan Islamic Fighting Group,Radicalization,
405,LIFG,Radicalization,
406,AAB,Radicalization,
407,ANO,Radicalization,
408,17 November,Radicalization,
409,17N,Radicalization,
410,AAB,Radicalization,
411,ANO,Radicalization,
412,ASG,Radicalization,
413,GI,Radicalization,
414,AIAI,Radicalization,
415,AQ,Radicalization,
416,AI,Radicalization,
417,AAS-B,Radicalization,
418,AAS-T,Radicalization,
419,AS,Radicalization,
420,ABM,Radicalization,
421,Ansaru,Radicalization,
422,GIA,Radicalization,
423,AWD,Radicalization,
424,BK,Radicalization,
425,ETA,Radicalization,
426,BLA,Radicalization,
427,BH,Radicalization,
428,EIJ,Radicalization,
429,FKD,Radicalization,
430,GIMF,Radicalization,
431,GICM,Radicalization,
432,HUJI,Radicalization,
433,HUJI-B,Radicalization,
434,HuM/A,Radicalization,
435,HM,Radicalization,
436,HQN,Radicalization,
437,Hasm,Radicalization,
438,IK,Radicalization,
439,IM,Radicalization,
440,IAA,Radicalization,
441,IJU,Radicalization,
442,IMU,Radicalization,
443,JeM,Radicalization,
444,JAD,Radicalization,
445,JNIM,Radicalization,
446,JuA,Radicalization,
447,JMB,Radicalization,
448,JuF,Radicalization,
449,JKI,Radicalization,
450,JI,Radicalization,
451,JAA,Radicalization,
452,JaK-A,Radicalization,
453,KaK,Radicalization,
454,LeT,Radicalization,
455,LTTE,Radicalization,
456,PIJ,Radicalization,
457,PKK,Radicalization,
458,PFLP-GC,Radicalization,
459,DHKP-C,Radicalization,
460,GSPC,Radicalization,
461,SSP,Radicalization,
462,SKD,Radicalization,
463,TNSM,Radicalization,
464,TTP,Radicalization,
465,TIP,Radicalization,
466,THKP-C,Radicalization,
467,Continuity,Radicalization,
468,Army,Radicalization,
469,Council,Radicalization,
470,Cumann,Radicalization,
471,na,Radicalization,
472,mBan,Radicalization,
473,Fianna,Radicalization,
474,na,Radicalization,
475,h√âireann,Radicalization,
476,Irish,Radicalization,
477,National,Radicalization,
478,Liberation,Radicalization,
479,Army,Radicalization,
480,Irish,Radicalization,
481,People's,Radicalization,
482,Liberation,Radicalization,
483,Organisation,Radicalization,
484,Irish,Radicalization,
485,Republican,Radicalization,
486,Army,Radicalization,
487,Loyalist,Radicalization,
488,Volunteer,Radicalization,
489,Force,Radicalization,
490,Orange,Radicalization,
491,Volunteers,Radicalization,
492,Red,Radicalization,
493,Hand,Radicalization,
494,Commando,Radicalization,
495,Red,Radicalization,
496,Hand,Radicalization,
497,Defenders,Radicalization,
498,Saor,Radicalization,
499,√âire,Radicalization,
500,Ulster,Radicalization,
501,Defence,Radicalization,
502,Association,Radicalization,
503,Ulster Freedom Fighters,Radicalization,
504,Ulster Volunteer Force,Radicalization,
505,CAC INLA IPLO IRA LVF UDA UFF UVF,Radicalization,
506,eco-terrorism,Radicalization,
507,incels,Radicalization,
508,involuntary celibates,Radicalization,
509,764,Radicalization,
510,Gay,Radicalization,
511,Homo,Radicalization,
512,Beefer,Radicalization,
513,Wap,Radicalization,
514,Nip,Radicalization,
515,Nigger,Radicalization,
516,antisemitism,Radicalization,
517,holocaust,Radicalization,
518,spick,Radicalization,
519,whitey,Radicalization,
520,nigga,Radicalization,
521,Adolf Hitler,Radicalization,
522,fenian,Radicalization,
523,war_against_ukraine,Radicalization,
524,ùó¢ùó≥ùó≥-ùóöùóøùó∂ùó± ùóúùóøùó≤ùóπùóÆùóªùó± ùóñùóµùóÆùòÅ ùó¥ùóøùóºùòÇùóΩ,Radicalization,
525,paki,Radicalization,
526,Worthless fucking niggers and muslim men,Radicalization,
527,shabbos,Radicalization,
528,Muh Democracy,Radicalization,
529,Larry Murphy,Radicalization,
530,"I HATE THE FUCKING JEWS, FUCK THEM ALL",Radicalization,
531,Islamic culture,Radicalization,
532,non believers,Radicalization,
533,deport them all,Radicalization,
534,pig,Radicalization,
535,Radicalization,Radicalization,
536,Donate for the IDF,Radicalization,
537,patriots,Radicalization,
538,nazi,Radicalization,
539,third reiche,Radicalization,
540,3rd reiche,Radicalization,
541,NF,Radicalization,
542,National Front,Radicalization,
543,anti white,Radicalization,
544,EDL,Radicalization,
545,demographic fractures,Radicalization,
546,migrants,Radicalization,
547,exploitation,Radicalization,
548,mixed race,Radicalization,
549,Tommy Robinson,Radicalization,
550,Dogz Bollox Right Wing News (Official),Radicalization,
551,FOREIGN NATIONAL,Radicalization,
552,Noodlewhore,Radicalization,
553,Sheboon,Radicalization,
554,Negroid,Radicalization,
555,Abo,Radicalization,
556,Mongoloid,Radicalization,
557,Zog,Radicalization,
558,Ape,Radicalization,
559,Ethnicel,Radicalization,
560,Fairy,Radicalization,
561,Queer,Radicalization,
562,Dyke,Radicalization,
563,Les,Radicalization,
564,Sodomite,Radicalization,
565,Poof,Radicalization,
566,Fudgepacker,Radicalization,
567,Genderbender,Radicalization,
568,Nancy,Radicalization,
569,Queen,Radicalization,
570,Tranny,Radicalization,
571,HeShe,Radicalization,
572,109/110,Radicalization,
573,Blut und Ehre,Radicalization,
574,Blood and honor,Radicalization,
575,celtic cross,Radicalization,
576,dirlewanger,Radicalization,
577,Waffen SS,Radicalization,
578,Life Rune,Radicalization,
579,Elhaz Rune,Radicalization,
580,Algis RuneNazi,Radicalization,
581,Norse,Radicalization,
582,Sturmabteilung,Radicalization,
583,volksfront,Radicalization,
584,totenkopf,Radicalization,
585,deaths head,Radicalization,
586,Schutzstaffel,Radicalization,
587,wolfs angel,Radicalization,
588,wolfsangel,Radicalization,
589,dopplehaken,Radicalization,
590,wolfs hook,Radicalization,
591,zyklon b,Radicalization,
592,((())),Radicalization,
593,pepe the frog,Radicalization,
594,14 words,Radicalization,
595,AKIA,Radicalization,
596,A Klansman I Am,Radicalization,
597,American Front,Radicalization,
598,Anudda Shoah,Radicalization,
599,Western culture,Radicalization,
600,white race,Radicalization,
601,non-white,Radicalization,
602,Stephen Yaxley-Lennon,Radicalization,
603,white pride,Association with High-Risk Organisations,
604,stormfront,Association with High-Risk Organisations,
605,EDL,Association with High-Risk Organisations,
606,English Defence League,Association with High-Risk Organisations,
607,KKK,Association with High-Risk Organisations,
608,Klu Klux Klan,Association with High-Risk Organisations,
609,Terrorism,Association with High-Risk Organisations,
610,@PatriotsOnlyWesternConservative,Association with High-Risk Organisations,
611,Traditional Britain Group,Association with High-Risk Organisations,
612,Illegal Migrants,Association with High-Risk Organisations,
613,right-wing,Association with High-Risk Organisations,
614,supremacy,Association with High-Risk Organisations,
615,AHO –î–ò–ê–õ–û–ì,Association with High-Risk Organisations,
616,–ê–í–¢–û–ù–û–ú–ù–ê–Ø,Association with High-Risk Organisations,
617,–ù–ï–ö–û–ú–ú–ï–†–ß–ï–°–ö–ê–Ø,Association with High-Risk Organisations,
618,–û–†–ì–ê–ù–ò–ó–ê–¶–ò–Ø,Association with High-Risk Organisations,
619,–ü–û,Association with High-Risk Organisations,
620,–†–ê–ó–í–ò–¢–ò–Æ,Association with High-Risk Organisations,
621,–¶–ò–§–†–û–í–´–•,Association with High-Risk Organisations,
622,–ü–†–û–ï–ö–¢–û–í,Association with High-Risk Organisations,
623,–í,Association with High-Risk Organisations,
624,–°–§–ï–†–ï,Association with High-Risk Organisations,
625,–û–ë–©–ï–°–¢–í–ï–ù–ù–´–•,Association with High-Risk Organisations,
626,–°–í–Ø–ó–ï–ô,Association with High-Risk Organisations,
627,–ò,Association with High-Risk Organisations,
628,–ö–û–ú–ú–£–ù–ò–ö–ê–¶–ò–ô,Association with High-Risk Organisations,
629,–î–ò–ê–õ–û–ì,Association with High-Risk Organisations,
630,IRA,Association with High-Risk Organisations,
631,PIRA,Association with High-Risk Organisations,
632,RIRA,Association with High-Risk Organisations,
633,Republican Army,Association with High-Risk Organisations,
634,Sien Fein,Association with High-Risk Organisations,
635,Revolutionary Nuclei,Association with High-Risk Organisations,
636,UVF,Association with High-Risk Organisations,
637,UDA,Association with High-Risk Organisations,
638,RHC,Association with High-Risk Organisations,
639,Red Hand,Association with High-Risk Organisations,
640,ADLAryan,Association with High-Risk Organisations,
641,Knights‚Äã,Association with High-Risk Organisations,
642,1-11,Association with High-Risk Organisations,
643,Arayn Brotherhood,Association with High-Risk Organisations,
644,12,Association with High-Risk Organisations,
645,Aryan Circle,Association with High-Risk Organisations,
646,33/6,Association with High-Risk Organisations,
647,Aryan Terror Brigade,Association with High-Risk Organisations,
648,right wing,Association with High-Risk Organisations,
649,left wing,Association with High-Risk Organisations,
650,islamist,Association with High-Risk Organisations,
651,National Action,Association with High-Risk Organisations,
652,Sonnenkrieg Division,Association with High-Risk Organisations,
653,Feuerkrieg Division,Association with High-Risk Organisations,
654,International Sikh Youth Federation,Association with High-Risk Organisations,
655,ISYF,Association with High-Risk Organisations,
656,Hezb-e Islami Gulbuddin,Association with High-Risk Organisations,
